{
	"floatList": {
		"female1" : 
		[
			0.30000001192092896,
			0.0,
			0.0,
			0.0,
			0.0,
			0.0,
			0.0,
			0.60000002384185791,
			0.0,
			0.0,
			0.0,
			0.0,
			0.60000002384185791,
			0.0,
			0.0,
			0.0,
			0.30000001192092896,
			0.30000001192092896,
			0.0,
			0.0,
			1.0,
			1.0,
			0.0,
			0.0,
			0.0,
			0.0,
			0.0,
			0.0,
			0.69999998807907104,
			0.69999998807907104,
			10.0,
			0.44999998807907104
		],
		"female2" : 
		[
			0.0,
			0.0,
			0.0,
			0.0,
			0.0,
			0.0,
			0.0,
			1.0,
			0.0,
			0.0,
			0.0,
			0.0,
			0.0,
			0.0,
			0.0,
			0.5,
			0.30000001192092896,
			0.30000001192092896,
			0.0,
			0.0,
			1.0,
			1.0,
			0.0,
			0.0,
			0.0,
			0.0,
			0.0,
			0.0,
			0.69999998807907104,
			0.69999998807907104,
			10.0,
			0.60000002384185791
		],
		"female3" : 
		[
			0.0,
			0.0,
			0.0,
			0.0,
			0.0,
			0.0,
			0.0,
			1.0,
			0.0,
			0.0,
			0.0,
			0.0,
			0.0,
			0.0,
			0.0,
			0.5,
			0.30000001192092896,
			0.30000001192092896,
			0.0,
			0.0,
			1.0,
			1.0,
			0.0,
			0.0,
			0.0,
			0.0,
			0.0,
			0.0,
			0.69999998807907104,
			0.69999998807907104,
			10.0,
			0.60000002384185791
		],
		"female4" : 
		[
			0.0,
			0.0,
			0.0,
			0.0,
			0.0,
			0.5,
			0.0,
			0.0,
			0.0,
			0.0,
			0.0,
			0.60000002384185791,
			0.0,
			0.0,
			0.0,
			0.0,
			0.0,
			0.0,
			0.0,
			0.0,
			0.0,
			0.0,
			0.0,
			0.0,
			0.0,
			0.0,
			0.0,
			0.0,
			0.80000001192092896,
			0.80000001192092896,
			2.0,
			0.80000001192092896
		],
		"female5" : 
		[
			0.20000000298023224,
			0.0,
			0.0,
			0.0,
			0.0,
			0.0,
			0.0,
			0.0,
			0.0,
			0.0,
			0.0,
			0.0,
			0.0,
			0.0,
			0.0,
			0.0,
			0.0,
			0.0,
			0.10000000149011612,
			0.10000000149011612,
			1.0,
			1.0,
			0.5,
			0.5,
			0.0,
			0.0,
			0.0,
			0.0,
			0.30000001192092896,
			0.30000001192092896,
			3.0,
			1.0
		],
		"female6" : 
		[
			0.0,
			0.0,
			1.0,
			0.0,
			0.0,
			0.72000002861022949,
			0.0,
			0.0,
			0.0,
			0.0,
			0.0,
			0.0,
			0.0,
			0.0,
			0.0,
			0.0,
			0.0,
			0.0,
			1.0,
			1.0,
			1.0,
			1.0,
			0.0,
			0.0,
			0.0,
			0.0,
			0.0,
			0.0,
			0.0,
			0.0,
			8.0,
			1.0
		],
	  "female7" : [ 0.71, 0, 0, 0, 0, 0.32, 0, 0, 0, 0, 0, 0, 0, 0, 0, 0, 0.2, 0.2, 0, 0, 0, 0, 0, 0, 0, 0, 0, 0.23, 0, 0, 10, 0.99 ],
	  "male1" : 
		[
			0.30000001192092896,
			0.0,
			0.0,
			0.0,
			0.0,
			0.0,
			0.0,
			0.60000002384185791,
			0.0,
			0.0,
			0.0,
			0.0,
			0.60000002384185791,
			0.0,
			0.0,
			0.0,
			0.30000001192092896,
			0.30000001192092896,
			0.0,
			0.0,
			1.0,
			1.0,
			0.0,
			0.0,
			0.0,
			0.0,
			0.0,
			0.0,
			0.69999998807907104,
			0.69999998807907104,
			10.0,
			0.44999998807907104
		],
		"male2" : 
		[
			0.0,
			0.0,
			0.0,
			0.0,
			0.0,
			0.0,
			0.0,
			1.0,
			0.0,
			0.0,
			0.0,
			0.0,
			0.0,
			0.0,
			0.0,
			0.5,
			0.30000001192092896,
			0.30000001192092896,
			0.0,
			0.0,
			1.0,
			1.0,
			0.0,
			0.0,
			0.0,
			0.0,
			0.0,
			0.0,
			0.69999998807907104,
			0.69999998807907104,
			10.0,
			0.60000002384185791
		],
		"male3" : 
		[
			0.0,
			0.0,
			0.0,
			0.0,
			0.0,
			0.0,
			0.0,
			1.0,
			0.0,
			0.0,
			0.0,
			0.0,
			0.0,
			0.0,
			0.0,
			0.5,
			0.30000001192092896,
			0.30000001192092896,
			0.0,
			0.0,
			1.0,
			1.0,
			0.0,
			0.0,
			0.0,
			0.0,
			0.0,
			0.0,
			0.69999998807907104,
			0.69999998807907104,
			10.0,
			0.60000002384185791
		],
		"male4" : 
		[
			0.0,
			0.0,
			0.0,
			0.0,
			0.0,
			0.5,
			0.0,
			0.0,
			0.0,
			0.0,
			0.0,
			0.60000002384185791,
			0.0,
			0.0,
			0.0,
			0.0,
			0.0,
			0.0,
			0.0,
			0.0,
			0.0,
			0.0,
			0.0,
			0.0,
			0.0,
			0.0,
			0.0,
			0.0,
			0.80000001192092896,
			0.80000001192092896,
			2.0,
			0.80000001192092896
		],
		"male5" : 
		[
			0.20000000298023224,
			0.0,
			0.0,
			0.0,
			0.0,
			0.0,
			0.0,
			0.0,
			0.0,
			0.0,
			0.0,
			0.0,
			0.0,
			0.0,
			0.0,
			0.0,
			0.0,
			0.0,
			0.10000000149011612,
			0.10000000149011612,
			1.0,
			1.0,
			0.5,
			0.5,
			0.0,
			0.0,
			0.0,
			0.0,
			0.30000001192092896,
			0.30000001192092896,
			3.0,
			1.0
		],
		"male6" : 
		[
			0.0,
			0.0,
			1.0,
			0.0,
			0.0,
			0.72000002861022949,
			0.0,
			0.0,
			0.0,
			0.0,
			0.0,
			0.0,
			0.0,
			0.0,
			0.0,
			0.0,
			0.0,
			0.0,
			1.0,
			1.0,
			1.0,
			1.0,
			0.0,
			0.0,
			0.0,
			0.0,
			0.0,
			0.0,
			0.0,
			0.0,
			8.0,
			1.0
		],
	  "male7" : [ 0.71, 0, 0, 0, 0, 0.32, 0, 0, 0, 0, 0, 0, 0, 0, 0, 0, 0.2, 0.2, 0, 0, 0, 0, 0, 0, 0, 0, 0, 0.23, 0, 0, 10, 0.99 ]
	},
	"string": {
	  "name": "random"
	}
}